source1_entity_id,candidate_entity_id,name_levenshtein,name_jaro_winkler,name_token_set,addr_levenshtein,addr_jaro_winkler,addr_token_set,exact_country_match
S1-00001,S2-00001,0.7058823529411764,0.9090909090909091,1.0,0.896551724137931,0.9625,0.896551724137931,1
S1-00001,S3-00001,0.75,0.92,0.75,0.8181818181818181,0.9384615384615385,1.0,1
S1-00002,S2-00002,0.75,0.92,1.0,0.8717948717948718,0.9545454545454545,1.0,1
S1-00002,S3-00002,0.2857142857142857,0.5277777777777778,0.2857142857142857,0.4615384615384615,0.6732026143790849,0.6153846153846154,1
S1-00003,S2-00003,0.9473684210526316,0.98,0.9473684210526315,0.875,0.8237161531279179,0.9285714285714286,1
S1-00003,S3-00003,0.6153846153846154,0.4537037037037037,0.6153846153846154,0.6956521739130435,0.5888888888888889,0.7692307692307692,1
S1-00004,S2-00004,0.7142857142857143,0.9111111111111111,1.0,0.8571428571428572,0.95,1.0,1
S1-00004,S3-00004,0.5263157894736843,0.8714285714285714,1.0,0.9090909090909091,0.8777777777777779,1.0,1
S1-00005,S2-00005,0.16666666666666663,0.41666666666666674,0.1666666666666667,1.0,1.0,1.0,1
S1-00005,S3-00005,0.4444444444444444,0.8571428571428571,1.0,0.9090909090909091,0.8444444444444444,1.0,1
S1-00006,S2-00006,0.5882352941176471,0.8833333333333334,1.0,0.962962962962963,0.9857142857142858,0.6666666666666665,1
S1-00006,S3-00006,0.7142857142857143,0.9111111111111111,1.0,0.9166666666666665,0.9487179487179488,1.0,1
S1-00007,S2-00007,0.7777777777777779,0.9272727272727272,1.0,0.875,0.9555555555555556,1.0,1
S1-00007,S3-00007,0.736842105263158,0.9166666666666667,1.0,0.8333333333333335,0.9047619047619048,1.0,1
S1-00008,S2-00008,0.736842105263158,0.9166666666666667,1.0,0.8571428571428572,0.95,0.8571428571428571,1
S1-00008,S3-00008,0.8235294117647058,0.9400000000000001,1.0,0.9090909090909091,0.9444444444444445,1.0,1
S1-00009,S2-00009,0.6153846153846154,0.888888888888889,1.0,0.88,0.9571428571428571,1.0,1
S1-00009,S3-00009,0.6666666666666667,0.9,1.0,0.782608695652174,0.7698412698412698,1.0,1
S1-00010,S2-00010,0.923076923076923,0.9666666666666667,0.923076923076923,0.88,0.9571428571428571,1.0,1
S1-00010,S3-00010,0.75,0.92,1.0,0.8333333333333335,0.8047619047619049,1.0,1
