entity_id	business_name	business_address	country
S1-1001	ABC Tech	100 Innovation Way, San Jose, CA	US
S1-1002	Shri Balaji Electronics	Shop 14, MG Road, Bangalore, Karnataka	India
S1-1003	Modern Retailers Pvt Ltd	Plot 55, Udyog Vihar Phase 4, Gurgaon, Haryana	India
S1-1004	Apex Logistics Inc	450 Industrial Parkway, Atlanta, GA	US
S1-1005	Omega Solutions LLC	777 Market Street, Suite 500, San Francisco, CA	US
S1-1006	Unique Himalayan Herbs	Mall Road, Manali, Himachal Pradesh	India
S1-1007	Desert Horizon Mining	8800 Copper Ridge Road, Tucson, AZ	US
S1-1008	Green Leaf Cafe	12 Elm Street, Seattle, WA	US
S1-1009	राम मार्केटिंग प्राइवेट लिमिटेड	KH NO. -570/13, NEW DELHI, WEST DELHI, Delhi	India
S1-1010	BioTech Research Labs	300 Science Park Drive, Cambridge, MA	US
S1-1011	First National Dental Clinic	100 Main St, Suite 10, Dallas, TX	US
S1-1012	Kaveri Silk Emporium	No 45 Commercial St, Tasker Town, Bangalore, KA	India
S1-1013	NYC Auto Works	550 11th Ave, New York, NY	US
S1-1014	Lone Star Wind Energy	Highway 281, Abilene, TX	US
S1-1015	Cafe Coffee Point (Koramangala)	80 Feet Rd, 4th Block, Koramangala, Bengaluru, Karnataka	India
